Txn,hash,Method,Block,Age,From,To,Value
c8ed114822506fb7b7e22e2ed69a5e79c0eafe4cc981b66e2d86edbf4c427d5b,c0f4c571,8637908,2,days,ago,fc50afdd6db9de442251f643b6efb0a1926fe0b5,21a34c702bfe8d06544e557fcc06965a86365933,0
22ee708a8f2b701491f9e968f26b4bdedbce6fe30e1e6f84eb1c12ff6b79e3bd,095ea7b3,8637904,2,days,ago,fc50afdd6db9de442251f643b6efb0a1926fe0b5,0e820caabeaad7a865af5e54afc6b82d8d4afea2,0
dda3ae888df36527477e9c75df484f213bab34a2c4645414f2d799d53b8e8836,c0f4c571,7330411,17,days,ago,fc50afdd6db9de442251f643b6efb0a1926fe0b5,21a34c702bfe8d06544e557fcc06965a86365933,0
1d4b50ae9887ccbdb24b1acfec4ed32c852e5ce03d86712a3a3df7d2bfe4f3c9,095ea7b3,7330407,17,days,ago,fc50afdd6db9de442251f643b6efb0a1926fe0b5,0e820caabeaad7a865af5e54afc6b82d8d4afea2,0
3c340fe545e25ab062abe52e680ee4e5ce0bb74d7422bdabcb227f25c75480a2,c0f4c571,6537980,a,month,ago,fc50afdd6db9de442251f643b6efb0a1926fe0b5,21a34c702bfe8d06544e557fcc06965a86365933,0
913f1371472950745e6f4ab8346ca152ece5d18f122b234c991baa6917ed8853,095ea7b3,6537976,a,month,ago,fc50afdd6db9de442251f643b6efb0a1926fe0b5,0e820caabeaad7a865af5e54afc6b82d8d4afea2,0
fd9feefc6a93abe8df07e47d11cb61dd6a8f6bee7ffaff93efde21fd3c6d1f7d,c0f4c571,6075679,a,month,ago,fc50afdd6db9de442251f643b6efb0a1926fe0b5,21a34c702bfe8d06544e557fcc06965a86365933,0
b5ab65708c556820456df4dcedc4cb4b0a0703556bf8d2e72a01faf3ae1dc40d,095ea7b3,6075675,a,month,ago,fc50afdd6db9de442251f643b6efb0a1926fe0b5,0e820caabeaad7a865af5e54afc6b82d8d4afea2,0
41adaa5ff29e6342319234bdc4e123aba28714bd51382863110e766d5cec1d22,c0f4c571,5358784,a,month,ago,fc50afdd6db9de442251f643b6efb0a1926fe0b5,21a34c702bfe8d06544e557fcc06965a86365933,0
5af3a3b792e3de5b33ac97329459be0a3c7c2910f930c98793d0cd9f30ba37d6,095ea7b3,5358781,a,month,ago,fc50afdd6db9de442251f643b6efb0a1926fe0b5,0e820caabeaad7a865af5e54afc6b82d8d4afea2,0
65a94ecf69879a796e3fddc1f880b02b1aeb8a53268dafa073368163ce48e96f,c0f4c571,4918662,a,month,ago,fc50afdd6db9de442251f643b6efb0a1926fe0b5,21a34c702bfe8d06544e557fcc06965a86365933,0
f314b28a2ba91c3821c23d46f6e155cd7e12363d339f2653fbc21e8ebbd799b6,095ea7b3,4918657,a,month,ago,fc50afdd6db9de442251f643b6efb0a1926fe0b5,0e820caabeaad7a865af5e54afc6b82d8d4afea2,0
6148e6a41f02dc91196539279cba75889122957dbb290e5cf6f5aee603755ca2,c0f4c571,4814097,2,months,ago,fc50afdd6db9de442251f643b6efb0a1926fe0b5,21a34c702bfe8d06544e557fcc06965a86365933,0
11746ba5cd6f52a7a59a91737e31e780c06d2b74b1c4befdce8477604056d554,095ea7b3,4814093,2,months,ago,fc50afdd6db9de442251f643b6efb0a1926fe0b5,0e820caabeaad7a865af5e54afc6b82d8d4afea2,0
59a6442b11e180bf1490960f5279da465642a3fa0ba490a3c8647695cd5cb118,c0f4c571,3689653,2,months,ago,fc50afdd6db9de442251f643b6efb0a1926fe0b5,21a34c702bfe8d06544e557fcc06965a86365933,0
4f032d30e9ef87dae155773abc08f36fe01edc34c2847987ef33a8a6eb1add69,095ea7b3,3689650,2,months,ago,fc50afdd6db9de442251f643b6efb0a1926fe0b5,0e820caabeaad7a865af5e54afc6b82d8d4afea2,0
3ab1d3997a0b1086194487e26862558d40ed95011f19d9f2363cce18938d5b5c,c0f4c571,2481583,2,months,ago,fc50afdd6db9de442251f643b6efb0a1926fe0b5,21a34c702bfe8d06544e557fcc06965a86365933,0
2d2c359616386b8e5c248e9ac4973e9a267dc9eb7b4f783a7b71d8bf30159239,095ea7b3,2481579,2,months,ago,fc50afdd6db9de442251f643b6efb0a1926fe0b5,0e820caabeaad7a865af5e54afc6b82d8d4afea2,0
a7377bf825bb588eb76536710bf7675b77aff4274f48d37806e33389953f785a,c0f4c571,2481546,2,months,ago,fc50afdd6db9de442251f643b6efb0a1926fe0b5,21a34c702bfe8d06544e557fcc06965a86365933,0
51b806d6b2f9e1c7ecc64ba1b6642750e5d75e73d460e2ae1d3875453f71bcd1,095ea7b3,2481541,2,months,ago,fc50afdd6db9de442251f643b6efb0a1926fe0b5,0e820caabeaad7a865af5e54afc6b82d8d4afea2,0
